"selection1_name","selection1_selection5","selection1_selection6","selection1_selection7","selection1_selection8","selection1_selection9","selection1_url","selection1_selection5_url","selection1_selection7_url"
"Nottingham Developing Solutions Scholarships","Nottingham Developing Solutions Scholarships","Read More","Nottingham Developing Solutions Scholarships","Deadline: 20 May 2022 (annual)
Study in: UK
Course starts September 2022","Read More","","",""
"Nottingham Developing Solutions Scholarships","Nottingham Developing Solutions Scholarships","Deadline: 20 May 2022 (annual)
Study in: UK
Course starts September 2022","Nottingham Developing Solutions Scholarships","University of Nottingham
Masters (MS) Degree","Deadline: 20 May 2022 (annual)
Study in: UK
Course starts September 2022","https://www.scholars4dev.com/2763/developing-solutions-master-scholarships-at-university-of-nottingham/","https://www.scholars4dev.com/2763/developing-solutions-master-scholarships-at-university-of-nottingham/","https://www.scholars4dev.com/2763/developing-solutions-master-scholarships-at-university-of-nottingham/"
"University of Nottingham
Masters (MS) Degree","University of Nottingham
Masters (MS) Degree","Read More","University of Nottingham
Masters (MS) Degree","Deadline: 20 May 2022 (annual)
Study in: UK
Course starts September 2022","Read More","","",""
"University of Nottingham
Masters (MS) Degree","University of Nottingham
Masters (MS) Degree","Deadline: 20 May 2022 (annual)
Study in: UK
Course starts September 2022","University of Nottingham
Masters (MS) Degree","University of Nottingham
Masters (MS) Degree","Deadline: 20 May 2022 (annual)
Study in: UK
Course starts September 2022","","",""
"University of Nottingham","University of Nottingham","","University of Nottingham","","","","",""
"Deadline: 20 May 2022 (annual)
Study in: UK
Course starts September 2022","Deadline: 20 May 2022 (annual)
Study in: UK
Course starts September 2022","Read More","Deadline: 20 May 2022 (annual)
Study in: UK
Course starts September 2022","Deadline: 20 May 2022 (annual)
Study in: UK
Course starts September 2022","Read More","","",""
"Deadline: 20 May 2022 (annual)
Study in: UK
Course starts September 2022","Deadline: 20 May 2022 (annual)
Study in: UK
Course starts September 2022","Deadline: 20 May 2022 (annual)
Study in: UK
Course starts September 2022","Deadline: 20 May 2022 (annual)
Study in: UK
Course starts September 2022","University of Nottingham
Masters (MS) Degree","Deadline: 20 May 2022 (annual)
Study in: UK
Course starts September 2022","","",""
"Deadline:","Deadline:","","Deadline:","","","","",""